iter	RMSE
0	0.03435313002
1	0.03477032268
2	0.03585962707
3	0.03051989133
4	0.03723090557
5	0.03089585792
6	0.03128625086
7	0.02858876786
